{
  "issue_count": 1545,
  "empty_descriptions": 57,
  "empty_topic_texts": 0,
  "text_char_length": {
    "min": 20,
    "max": 22964,
    "mean": 623.6705501618123,
    "median": 412
  },
  "text_word_length": {
    "min": 4,
    "max": 1543,
    "mean": 90.32233009708737,
    "median": 64
  }
}
